Cluster,Age,Annual Income (k$),Spending Score (1-100)
0,55.275862068965516,47.62068965517241,41.706896551724135
1,32.875,86.1,81.525
2,25.76923076923077,26.115384615384617,74.84615384615384
3,26.733333333333334,54.31111111111111,40.91111111111111
4,44.38709677419355,89.7741935483871,18.483870967741936
